word,0,1,2,3,4,5,6,7,8,9,10,11,12,13,14,15,16,17,18,19,20,21,22,23,24,25,26,27,28,29,30,31,32,33,34,35,36,37,38,39,40,41,42,43,44,45,46,47,48,49
done,0.35276827579389036,-0.19645013098021144,0.09092354417075035,-0.04492025795966368,-0.007466477023778899,-0.1561335206806781,-0.07349228006441691,0.1797596633554289,0.08338851455869226,0.19213003110091534,0.15274152335251368,0.05611387254322453,0.1994697398379866,0.052212371168783876,0.16842082864429983,-0.04432333080444804,0.014462260314000556,-0.08793583739907666,0.15529689026046806,-0.20011263558946313,0.14692360556573875,-0.03444751721207599,0.20395070562488776,0.08354924856605955,0.23026576929210377,0.10823911280851763,-0.15420408012788364,-0.006932087896435104,-0.15486009693574773,-0.06939902660853549,0.16965717922266366,0.07854559658255715,-0.12373771198892948,-0.12683599877505247,0.004246979588743346,-0.1697888728092586,-0.10363732359284508,0.05739195713375415,0.14092663329899932,0.06201777366672996,-0.22165937541575134,0.09285736225224266,0.008600399342417932,0.04489341433212332,0.1799921475356604,-0.23463372744472732,-0.07402267013742761,0.10114502709265652,-0.13585784314316635,0.21475801981507406
made,0.20222422599312176,-0.11166783359067424,0.02304635702987523,-0.08526057701380069,0.05441509807317566,0.16147713031749789,0.06448992107297309,0.18999264777727418,-0.08254673772467697,-0.06825731289307693,-0.0146075186804365,-0.013642641332565203,0.368503408727827,-0.14985877502375597,0.25844433841744446,0.12212766278965802,0.0562350297051343,-0.06231066524495223,0.10780819630251545,-0.04015421970602541,-0.06905386938953345,0.21678168840480744,0.16219809823897824,0.1727857823969811,0.2131544825058575,0.338129293194262,-0.05950885032574461,-0.19754502972896815,0.12549436368837386,-0.03612248764515808,0.241291343322339,0.03280640926911293,-0.19942439294095748,-0.05564839116781574,-0.18399623894394043,-0.0833739572054861,0.02099884429773492,-0.03898705325386257,-0.01761140129171424,0.04780378280955771,-0.19109951633457067,0.06388487048529827,0.05188919481651819,-0.015878869655117575,0.06848321003543051,-0.1897243441424259,0.08760491477524224,0.005790612775664289,-0.15253414285743763,0.08594573566712235
man,0.2767474693027468,-0.2842809558926453,-0.07372632976116411,-0.09624376025441116,-0.01210638648900837,0.09159360177735287,-0.038756950416261274,0.2726648883308038,0.010305778599056386,0.05244195758772548,0.023790255494258478,-0.03158842702296577,0.382611407843364,-0.039287696790421434,0.29282049332199944,-0.15485803059542638,0.18738207721696312,-0.034033906711496933,0.11291648999214951,-0.17884423738486352,0.02069398849701013,0.03986630024045906,0.10774074033823001,-0.04563117328232325,0.05929265578759934,0.11558280151719978,0.0005974662031896464,0.008321195031282171,-0.14731487714176006,-0.026887839669918326,0.27320889675803617,0.09119844031343412,-0.16973280828855028,0.010005357110285258,0.05165136954436564,0.03848249710529136,-0.06508325763446128,-0.14498639886413023,-0.022428076329734092,0.19886032396052927,-0.04743480355270814,0.03290254191231301,-0.032091430427347814,0.17571407277428586,0.04898283577720422,-0.29057918973101576,0.0056493247488797384,0.029025468113399806,-0.11773870406166505,0.16497181511444678
sir,0.20317464436376273,0.03084923135048573,-0.0606947460811578,0.007416228178808827,-0.10833749536590687,-0.17084057507341763,-0.2081069176228993,0.20621445229180116,0.0484192402321996,0.06554920818739332,-0.005595791382538829,0.026535756755420827,0.09116406709374192,-0.030394863527627172,0.19903299741439512,-0.0029691677196735274,-0.006532996357920235,-0.08712589691582866,0.32870858483005383,-0.16593140585933303,-0.1729789618212532,-0.12559180317221758,0.049887515058856365,0.17616543160943265,0.2149042724824145,0.15992987078790397,-0.03192669617676597,-0.06898179493365483,-0.09517451147952266,-0.14263753485854694,0.10758892271539076,-0.10482046983399258,-0.04588719781553826,-0.12290874829931163,-0.2072057963057419,-0.14790322721929425,-0.0775512112178692,0.12986434301266,0.2690909578101892,0.24554560551346052,-0.07116932292644253,-0.14518113773872035,-0.180044498724225,0.03964377014703932,-0.059786833145827896,-0.27109663653841454,-0.19208014606396234,-0.05686991934980776,-0.006042449226509114,0.06428167496330123
city,0.0,0.0,0.0,0.0,0.0,0.0,0.0,0.0,0.0,0.0,0.0,0.0,0.0,0.0,0.0,0.0,0.0,0.0,0.0,0.0,0.0,0.0,0.0,0.0,0.0,0.0,0.0,0.0,0.0,0.0,0.0,0.0,0.0,0.0,0.0,0.0,0.0,0.0,0.0,0.0,0.0,0.0,0.0,0.0,0.0,0.0,0.0,0.0,0.0,0.0
rome,0.25759057580521655,0.010313317894376218,-0.020694401466235218,-0.017844709173579935,0.07367404842718785,-0.146285910564296,-0.061928420613787144,0.30803103525813363,-0.257001872177561,0.07971359942903845,-0.15879838012892347,-0.1349355765948941,0.14577404275830835,0.048715521241238444,0.1313890786045427,0.18601029636071417,0.00788709497344624,-0.04718915586229702,0.1777890154363784,0.08046518333899362,-0.0418681177289925,-0.08602172596239467,0.05121166992252136,0.038778318533313046,0.11784452289728489,0.28726664299615906,-0.07859589230197961,-0.011320702184275014,-0.02451235284096368,-0.06835439208836948,0.06648063173676146,0.12401254224072882,-0.2830552639555015,-0.32046491229096585,-0.13604895976462755,-0.1699280513932957,-0.10906154598126439,-0.023257621011162678,0.08777311006775682,0.004103153282506384,-0.22825830376296782,0.10276100161077117,-0.03148955650805478,0.1311648367006145,0.018347745499220868,-0.3153989470674838,-0.006191898561478164,-0.049795141788434694,0.022739849741983866,0.020737214543007438
like,0.24189001763746196,-0.13856058563823462,0.028503268693886797,-0.03976294479418164,-0.17325905400081143,-0.09537752385613897,-0.09945186211327384,0.2108107942750395,0.026416186457102035,-0.02955772519009638,0.038247358736436754,0.027312071020290443,0.23630506926124736,-0.010366426444704169,0.3231904268012412,-0.06074881826604419,0.12060203810687307,-0.097748563610233,0.3082965621700529,-0.18415576538258988,-0.16244278854627509,-0.08534949373464117,0.15177741566010794,0.17068245356922523,0.21377253277995467,0.15153058033207592,-0.02807783243268234,-0.0683127662984042,-0.04345997304885786,-0.0652398666353824,0.2968271166869744,-0.12511238789064785,-0.07481044315831518,-0.08884009248151319,-0.13017476161640798,-0.04041377398353487,-0.0677933237886218,-0.03725407665744784,0.10586174946083023,0.2600972771168652,-0.046942408845306496,0.004242574935973923,-0.08945447969471708,0.0058328651317835715,-0.02077379700006171,-0.27802264419333284,-0.06163472548151843,-0.03219237068064193,-0.08998870086769334,0.13353051413273606
make,-0.0329832282867778,0.10120458202011041,0.20781222898253468,0.18417965069665249,-0.033226847001147815,0.032187438939629345,0.24033916148567352,-0.037450021067995276,-0.022579921470889924,-0.024047759919525007,-0.07936301160370597,-0.13711330983576814,-0.15064814757138884,-0.23153023993626468,-0.10122862510427298,0.0628318288111501,-0.08015781238482103,0.2245008717480052,0.23185323328353682,-0.16995145525071387,-0.11565339086445055,-0.1394035539240122,-0.13060157584153045,0.15585780303961494,0.17674495755965397,0.02787381787936029,0.04349793597130823,-0.1585808047196129,0.11434976921162678,0.3261410929195413,0.07345197593531648,0.026804814638413957,0.06259654924759014,0.07305311247336572,-0.14830104262150134,-0.021481491851601746,-0.128906878904963,0.08053862012783666,-0.08739314876924495,0.08068530892051569,0.11825247069168997,0.11360192889119557,0.026867544681954098,-0.08920169904376223,-0.13389546811373046,0.032304610958786464,-0.2778075876427018,-0.16521549652338233,-0.21693484155718926,-0.2455666933236692
people,-0.1000479219400413,0.05819490636571457,0.24206139695421747,-0.17950857783820665,-0.039728169527870644,0.153347509205564,0.1270912283420593,-0.06919257529465056,-0.025479015850161366,-0.20286001307240695,-0.041103613905482436,-0.04528884328563504,0.03532727697530247,-0.08786624114092931,0.1275987047436023,0.2013486824718064,0.044937179667075035,0.05900224907858419,0.01109722798773099,1.90669671234375e-05,-0.18026814507285951,0.07607500166892375,-0.022536534164806454,0.3098417621729335,0.26472073105496824,0.0760278611945251,-0.0995741769137522,-0.1532201135372886,0.2093777645186261,0.04680453426271389,0.0717084797677102,-0.2859357274056924,0.21842918626509372,0.07563813816028435,-0.19137815989060383,-0.08754626215492603,0.05417498154591901,0.012838823941652613,-0.047412033787071615,-0.014025474243101695,-0.032428369620430685,0.06191906930940879,0.23372166913178483,-0.3703590020885894,-0.03509030570500306,0.0267038419813692,0.049310747560311584,-0.08468890678358183,-0.20074743573560988,0.06348970548205586
poor,0.08291412764351418,0.11950530723627714,-0.06623587361921476,0.12263735389435504,0.14338268704847412,0.03806177893192985,0.056769191403215215,0.041200306824461526,-0.13618523726283724,-0.01803418981199872,-0.02180789007296792,0.054002775227296566,0.1260437892701685,-0.13876254981223712,-0.02802618547047537,0.24403006817332842,-0.17811433242381597,-0.11426782407115588,0.03499211871922469,0.1580552213747693,0.002365035004316123,0.264656003779088,0.16443869996401764,0.10324014243343432,0.0772424173919933,0.37998803585271956,-0.022180912488753406,-0.228632527604244,0.23363258779194102,-0.067549225584735,0.013348602275485198,0.17782461354001805,-0.3126453258812224,-0.17260704771461563,-0.22864471013468693,-0.1221579180565556,0.07482516327520229,0.106272559967211,0.03714368754765107,-0.15863176368158352,-0.2463136646383155,0.01827672190832511,-0.0620826825870676,0.05491941271103078,0.08616189012052793,0.017327273030857484,0.10491602979730254,0.04324272000691048,0.050184479673039614,-0.11300997010926492
