sentence_id,sentence,tokens,token_ids,length
0,"First Citizen: Before we proceed any further, hear me speak.",First Citizen Before we proceed any further hear me speak,11 13 401 37 221 188 739 90 38 105,10
1,"All: Speak, speak.",All Speak speak,66 471 105,3
2,First Citizen: You are all resolved rather to die than to famish?,First Citizen You are all resolved rather to die than to famish,11 13 85 19 41 344 222 4 293 47 4 300,12
3,All: Resolved.,All Resolved,66 461,2
4,resolved.,resolved,344,1
5,"First Citizen: First, you know Caius Marcius is chief enemy to the people.",First Citizen First you know Caius Marcius is chief enemy to the people,11 13 11 3 73 112 27 14 607 298 4 2 161,13
6,"All: We know't, we know't.",All We know't we know't,66 84 324 37 324,5
7,"First Citizen: Let us kill him, and we'll have corn at our own price.",First Citizen Let us kill him and we'll have corn at our own price,11 13 179 30 812 26 6 376 22 193 45 43 218 939,14
8,Is't a verdict?,Is't a verdict,441 8 1125,3
9,"All: No more talking on't; let it be done: away, away!",All No more talking on't let it be done away away,66 141 42 1067 902 122 7 35 155 268 268,11
10,"Second Citizen: One word, good citizens.",Second Citizen One word good citizens,68 13 247 229 33 280,6
11,"First Citizen: We are accounted poor citizens, the patricians good.",First Citizen We are accounted poor citizens the patricians good,11 13 84 19 517 162 280 2 219 33,10
12,"What authority surfeits on would relieve us: if they would yield us but the superfluity, while it were wholesome, we might guess they relieved us humanely; but they think we are too dear: the leanness that afflicts us, the object of our misery, is as an inventory to particularise their abundance; our sufferance is a gain to them Let us revenge this with our pikes, ere we become rakes: for the gods know I speak this in hunger for bread, not in thirst for revenge.",What authority surfeits on would relieve us if they would yield us but the superfluity while it were wholesome we might guess they relieved us humanely but they think we are too dear the leanness that afflicts us the object of our misery is as an inventory to particularise their abundance our sufferance is a gain to them Let us revenge this with our pikes ere we become rakes for the gods know I speak this in hunger for bread not in thirst for revenge,32 550 1059 46 57 961 30 72 28 57 1164 30 36 2 359 1146 7 65 378 37 866 764 28 962 30 789 36 28 106 37 19 370 291 2 827 17 522 30 2 897 12 43 872 14 59 118 806 4 907 34 514 43 1052 14 8 740 4 54 179 30 346 29 31 43 923 197 37 271 954 21 2 99 73 5 105 29 10 321 21 584 16 10 1083 21 346,85
13,Second Citizen: Would you proceed especially against Caius Marcius?,Second Citizen Would you proceed especially against Caius Marcius,68 13 185 3 221 690 149 112 27,9
14,All: Against him first: he's a very dog to the commonalty.,All Against him first he's a very dog to the commonalty,66 233 26 88 314 8 373 669 4 2 619,11
15,Second Citizen: Consider you what services he has done for his country?,Second Citizen Consider you what services he has done for his country,68 13 234 3 48 998 9 203 155 21 15 194,12
16,"First Citizen: Very well; and could be content to give him good report fort, but that he pays himself with being proud.",First Citizen Very well and could be content to give him good report fort but that he pays himself with being proud,11 13 497 55 6 154 35 284 4 157 26 33 343 728 36 17 9 913 317 31 189 104,22
17,"Second Citizen: Nay, but speak not maliciously.",Second Citizen Nay but speak not maliciously,68 13 115 36 105 16 851,7
18,"First Citizen: I say unto you, what he hath done famously, he did it to that end: though soft-conscienced men can be content to say it was for his country he did it to please his mother and to be partly proud; which he is, even till the altitude of his virtue.",First Citizen I say unto you what he hath done famously he did it to that end though soft-conscienced men can be content to say it was for his country he did it to please his mother and to be partly proud which he is even till the altitude of his virtue,11 13 5 76 1113 3 48 9 204 155 704 9 61 7 4 17 682 133 1022 329 97 35 284 4 76 7 39 21 15 194 9 61 7 4 338 15 331 6 4 35 909 104 80 9 14 198 367 2 532 12 15 374,52
19,"Second Citizen: What he cannot help in his nature, you account a vice in him.",Second Citizen What he cannot help in his nature you account a vice in him,68 13 32 9 191 316 10 15 332 3 516 8 1127 10 26,15
20,You must in no way say he is covetous.,You must in no way say he is covetous,85 63 10 75 168 76 9 14 634,9
21,"First Citizen: If I must not, I need not be barren of accusations; he hath faults, with surplus, to tire in repetition.",First Citizen If I must not I need not be barren of accusations he hath faults with surplus to tire in repetition,11 13 114 5 63 16 5 886 16 35 556 12 518 9 204 302 31 1060 4 1093 10 968,22
22,What shouts are these?,What shouts are these,32 1006 19 78,4
23,The other side o' the city is risen: why stay we prating here?,The other side o' the city is risen why stay we prating here,20 127 224 64 2 153 14 977 380 355 37 932 121,13
24,to the Capitol!,to the Capitol,4 2 173,3
25,"All: Come, come.",All Come come,66 174 282,3
26,First Citizen: Soft!,First Citizen Soft,11 13 469,3
27,who comes here?,who comes here,135 192 121,3
28,Second Citizen: Worthy Menenius Agrippa; one that hath always loved the people.,Second Citizen Worthy Menenius Agrippa one that hath always loved the people,68 13 508 451 392 52 17 204 533 843 2 161,12
29,First Citizen: He's one honest enough: would all the rest were so!,First Citizen He's one honest enough would all the rest were so,11 13 430 52 318 299 57 41 2 345 65 91,12
30,"MENENIUS: What work's, my countrymen, in hand?",MENENIUS What work's my countrymen in hand,25 32 1158 24 631 10 312,7
31,where go you With bats and clubs?,where go you With bats and clubs,108 200 3 94 269 6 281,7
32,The matter?,The matter,20 159,2
33,"speak, I pray you.",speak I pray you,105 5 220 3,4
34,"First Citizen: Our business is not unknown to the senate; they have had inkling this fortnight what we intend to do, which now we'll show 'em in deeds.",First Citizen Our business is not unknown to the senate they have had inkling this fortnight what we intend to do which now we'll show 'em in deeds,11 13 116 190 14 16 1111 4 2 350 28 22 89 800 29 729 48 37 805 4 51 80 216 376 223 171 10 649,28
35,They say poor suitors have strong breaths: they shall know we have strong arms too.,They say poor suitors have strong breaths they shall know we have strong arms too,50 76 162 1054 22 165 587 28 53 73 37 22 165 150 370,15
36,"MENENIUS: Why, masters, my good friends, mine honest neighbours, Will you undo yourselves?",MENENIUS Why masters my good friends mine honest neighbours Will you undo yourselves,25 505 860 24 33 199 868 318 888 258 3 1109 170,13
37,"First Citizen: We cannot, sir, we are undone already.",First Citizen We cannot sir we are undone already,11 13 84 191 130 37 19 1110 186,9
38,"MENENIUS: I tell you, friends, most charitable care Have the patricians of you.",MENENIUS I tell you friends most charitable care Have the patricians of you,25 5 132 3 199 74 606 279 428 2 219 12 3,13
39,"For your wants, Your suffering in this dearth, you may as well Strike at the heaven with your staves as lift them Against the Roman state, whose course will on The way it takes, cracking ten thousand curbs Of more strong link asunder than can ever Appear in your impediment.",For your wants Your suffering in this dearth you may as well Strike at the heaven with your staves as lift them Against the Roman state whose course will on The way it takes cracking ten thousand curbs Of more strong link asunder than can ever Appear in your impediment,82 18 1136 86 1053 10 29 195 3 212 59 55 473 45 2 775 31 18 1038 59 831 54 233 2 248 225 379 632 56 46 20 168 7 1066 638 1073 1087 644 93 42 165 834 544 47 97 119 394 10 18 796,50
40,"For the dearth, The gods, not the patricians, make it, and Your knees to them, not arms, must help.",For the dearth The gods not the patricians make it and Your knees to them not arms must help,82 2 195 20 99 16 2 219 62 7 6 86 817 4 54 16 150 63 316,19
41,"Alack, You are transported by calamity Thither where more attends you, and you slander The helms o' the state, who care for you like fathers, When you curse them as enemies.",Alack You are transported by calamity Thither where more attends you and you slander The helms o' the state who care for you like fathers When you curse them as enemies,393 85 19 1098 87 594 485 108 42 547 3 6 3 1018 20 777 64 2 225 135 279 21 3 101 706 145 3 287 54 59 683,31
42,First Citizen: Care for us!,First Citizen Care for us,11 13 411 21 30,5
43,"True, indeed!",True indeed,491 323,2
44,"They ne'er cared for us yet: suffer us to famish, and their store-houses crammed with grain; make edicts for usury, to support usurers; repeal daily any wholesome act established against the rich, and provide more piercing statutes daily, to chain up and restrain the poor.",They ne'er cared for us yet suffer us to famish and their store-houses crammed with grain make edicts for usury to support usurers repeal daily any wholesome act established against the rich and provide more piercing statutes daily to chain up and restrain the poor,50 333 597 21 30 169 1051 30 4 300 6 34 1045 639 31 310 62 676 21 1116 4 1056 1115 967 288 188 378 261 691 149 2 347 6 945 42 922 1037 288 4 603 228 6 970 2 162,45
45,"If the wars eat us not up, they will; and there's all the love they bear us.",If the wars eat us not up they will and there's all the love they bear us,114 2 167 297 30 16 228 28 56 6 364 41 2 211 28 270 30,17
46,"MENENIUS: Either you must Confess yourselves wondrous malicious, Or be accused of folly.",MENENIUS Either you must Confess yourselves wondrous malicious Or be accused of folly,25 419 3 63 413 170 1157 850 180 35 260 12 306,13
47,"I shall tell you A pretty tale: it may be you have heard it; But, since it serves my purpose, I will venture To stale 't a little more.",I shall tell you A pretty tale it may be you have heard it But since it serves my purpose I will venture To stale 't a little more,5 53 132 3 109 340 362 7 212 35 3 22 315 7 111 1012 7 997 24 947 5 56 1124 44 1033 136 8 209 42,29
48,"First Citizen: Well, I'll hear it, sir: yet you must not think to fob off our disgrace with a tale: but, an 't please you, deliver.",First Citizen Well I'll hear it sir yet you must not think to fob off our disgrace with a tale but an 't please you deliver,11 13 184 140 90 7 130 169 3 63 16 106 4 723 898 43 664 31 8 362 36 118 136 338 3 292,26
49,"MENENIUS: There was a time when all the body's members Rebell'd against the belly, thus accused it: That only like a gulf it did remain I' the midst o' the body, idle and unactive, Still cupboarding the viand, never bearing Like labour with the rest, where the other instruments Did see and hear, devise, instruct, walk, feel, And, mutually participate, did minister Unto the appetite and affection common Of the whole body.",MENENIUS There was a time when all the body's members Rebell'd against the belly thus accused it That only like a gulf it did remain I' the midst o' the body idle and unactive Still cupboarding the viand never bearing Like labour with the rest where the other instruments Did see and hear devise instruct walk feel And mutually participate did minister Unto the appetite and affection common Of the whole body,25 480 39 8 368 107 41 2 576 213 460 149 2 60 134 260 7 49 126 101 8 765 7 61 963 438 2 865 64 2 152 322 6 1108 472 643 2 1126 334 559 242 820 31 2 345 108 2 127 803 418 128 6 90 656 802 1133 712 23 882 906 61 869 495 2 265 6 520 283 93 2 377 152,72
50,"The belly answer'd-- First Citizen: Well, sir, what answer made the belly?",The belly answer'd First Citizen Well sir what answer made the belly,20 60 187 11 13 184 130 48 96 124 2 60,12
51,"MENENIUS: Sir, I shall tell you.",MENENIUS Sir I shall tell you,25 250 5 53 132 3,6
52,"With a kind of smile, Which ne'er came from the lungs, but even thus-- For, look you, I may make the belly smile As well as speak--it tauntingly replied To the discontented members, the mutinous parts That envied his receipt; even so most fitly As you malign our senators for that They are not such as you.",With a kind of smile Which ne'er came from the lungs but even thus For look you I may make the belly smile As well as speak--it tauntingly replied To the discontented members the mutinous parts That envied his receipt even so most fitly As you malign our senators for that They are not such as you,94 8 813 12 354 146 333 595 71 2 846 36 198 134 82 210 3 5 212 62 2 60 354 110 55 59 1028 1069 969 44 2 660 213 2 214 910 49 687 15 959 198 91 74 720 110 3 852 43 351 21 17 50 19 16 166 59 3,57
53,First Citizen: Your belly's answer?,First Citizen Your belly's answer,11 13 86 273 96,5
54,What!,What,32,1
55,"The kingly-crowned head, the vigilant eye, The counsellor heart, the arm our soldier, Our steed the leg, the tongue our trumpeter.",The kingly-crowned head the vigilant eye The counsellor heart the arm our soldier Our steed the leg the tongue our trumpeter,20 814 773 2 1128 696 20 629 205 2 539 43 1023 116 1039 2 828 2 1096 43 1106,21
56,"With other muniments and petty helps In this our fabric, if that they-- MENENIUS: What then?",With other muniments and petty helps In this our fabric if that they MENENIUS What then,94 127 879 6 919 778 177 29 43 698 72 17 28 25 32 77,16
57,"'Fore me, this fellow speaks!",'Fore me this fellow speaks,384 38 29 714 1029,5
58,What then?,What then,32 77,2
59,what then?,what then,48 77,2
60,"First Citizen: Should by the cormorant belly be restrain'd, Who is the sink o' the body,-- MENENIUS: Well, what then?",First Citizen Should by the cormorant belly be restrain'd Who is the sink o' the body MENENIUS Well what then,11 13 249 87 2 628 60 35 971 147 14 2 1016 64 2 152 25 184 48 77,20
61,"First Citizen: The former agents, if they did complain, What could the belly answer?",First Citizen The former agents if they did complain What could the belly answer,11 13 20 307 526 72 28 61 622 32 154 2 60 96,14
62,"MENENIUS: I will tell you If you'll bestow a small--of what you have little-- Patience awhile, you'll hear the belly's answer.",MENENIUS I will tell you If you'll bestow a small--of what you have little Patience awhile you'll hear the belly's answer,25 5 56 132 3 114 230 570 8 1021 48 3 22 209 459 552 230 90 2 273 96,21
63,First Citizen: Ye're long about it.,First Citizen Ye're long about it,11 13 510 838 512 7,6
64,"MENENIUS: Note me this, good friend; Your most grave belly was deliberate, Not rash like his accusers, and thus answer'd: 'True is it, my incorporate friends,' quoth he, 'That I receive the general food at first, Which you do live upon; and fit it is, Because I am the store-house and the shop Of the whole body: but, if you do remember, I send it through the rivers of your blood, Even to the court, the heart, to the seat o' the brain; And, through the cranks and offices of man, The strongest nerves and small inferior veins From me receive that natural competency Whereby they live: and though that all at once, You, my good friends,'--this says the belly, mark me,-- First Citizen: Ay, sir; well, well.","MENENIUS Note me this good friend Your most grave belly was deliberate Not rash like his accusers and thus answer'd 'True is it my incorporate friends,' quoth he 'That I receive the general food at first Which you do live upon and fit it is Because I am the store-house and the shop Of the whole body but if you do remember I send it through the rivers of your blood Even to the court the heart to the seat o' the brain And through the cranks and offices of man The strongest nerves and small inferior veins From me receive that natural competency Whereby they live and though that all at once You my good friends,'--this says the belly mark me First Citizen Ay sir well well",25 456 38 29 33 736 86 74 758 60 39 651 455 956 101 15 519 6 134 187 389 14 7 24 797 737 952 9 386 5 164 2 745 724 45 88 146 3 51 328 79 6 304 7 14 400 5 95 2 1044 6 2 1004 93 2 377 152 36 72 3 51 964 5 996 7 366 2 978 12 18 151 420 4 2 633 2 205 4 2 990 64 2 582 23 366 2 640 6 900 12 125 20 1047 889 6 1020 799 1121 236 38 164 17 884 621 502 28 328 6 133 17 41 45 217 85 24 33 738 349 2 60 858 38 11 13 398 130 55 55,128
65,"MENENIUS: 'Though all at once cannot See what I do deliver out to each, Yet I can make my audit up, that all From me do back receive the flour of all, And leave me but the bran.'",MENENIUS 'Though all at once cannot See what I do deliver out to each Yet I can make my audit up that all From me do back receive the flour of all And leave me but the bran.',25 388 41 45 217 191 181 48 5 51 292 103 4 296 259 5 97 62 24 548 228 17 41 236 38 51 553 164 2 722 12 41 23 208 38 36 2 583,38
66,What say you to't?,What say you to't,32 76 3 1094,4
67,First Citizen: It was an answer: how apply you this?,First Citizen It was an answer how apply you this,11 13 178 39 118 96 100 537 3 29,10
68,"MENENIUS: The senators of Rome are this good belly, And you the mutinous members; for examine Their counsels and their cares, digest things rightly Touching the weal o' the common, you shall find No public benefit which you receive But it proceeds or comes from them to you And no way from yourselves.",MENENIUS The senators of Rome are this good belly And you the mutinous members for examine Their counsels and their cares digest things rightly Touching the weal o' the common you shall find No public benefit which you receive But it proceeds or comes from them to you And no way from yourselves,25 20 351 12 67 19 29 33 60 23 3 2 214 213 21 694 479 285 6 34 598 659 365 975 490 2 1138 64 2 283 3 53 156 141 946 566 80 3 164 111 7 940 102 192 71 54 4 3 23 75 168 71 170,53
69,"What do you think, You, the great toe of this assembly?",What do you think You the great toe of this assembly,32 51 3 106 85 2 120 227 12 29 542,11
70,First Citizen: I the great toe!,First Citizen I the great toe,11 13 5 2 120 227,6
71,why the great toe?,why the great toe,380 2 120 227,4
72,"MENENIUS: For that, being one o' the lowest, basest, poorest, Of this most wise rebellion, thou go'st foremost: Thou rascal, that art worst in blood to run, Lead'st first to win some vantage.",MENENIUS For that being one o' the lowest basest poorest Of this most wise rebellion thou go'st foremost Thou rascal that art worst in blood to run Lead'st first to win some vantage,25 82 17 189 52 64 2 845 557 931 93 29 74 1152 958 226 754 727 486 955 17 266 1161 10 151 4 348 445 88 4 1149 1024 1119,33
73,But make you ready your stiff bats and clubs: Rome and her rats are at the point of battle; The one side must have bale.,But make you ready your stiff bats and clubs Rome and her rats are at the point of battle The one side must have bale,111 62 3 342 18 356 269 6 281 67 6 206 341 19 45 2 930 12 558 20 52 224 63 22 554,25
74,"Hail, noble Marcius!",Hail noble Marcius,426 160 27,3
75,MARCIUS: Thanks.,MARCIUS Thanks,40 478,2
76,"What's the matter, you dissentious rogues, That, rubbing the poor itch of your opinion, Make yourselves scabs?",What's the matter you dissentious rogues That rubbing the poor itch of your opinion Make yourselves scabs,144 2 159 3 666 980 49 981 2 162 809 12 18 336 449 170 988,17
77,First Citizen: We have ever your good word.,First Citizen We have ever your good word,11 13 84 22 119 18 33 229,8
78,MARCIUS: He that will give good words to thee will flatter Beneath abhorring.,MARCIUS He that will give good words to thee will flatter Beneath abhorring,40 113 17 56 157 33 381 4 363 56 721 404 511,13
79,"What would you have, you curs, That like nor peace nor war?",What would you have you curs That like nor peace nor war,32 57 3 22 3 645 49 101 215 914 215 375,12
80,"the one affrights you, The other makes you proud.",the one affrights you The other makes you proud,2 52 523 3 20 127 848 3 104,9
81,"He that trusts to you, Where he should find you lions, finds you hares; Where foxes, geese: you are no surer, no, Than is the coal of fire upon the ice, Or hailstone in the sun.",He that trusts to you Where he should find you lions finds you hares Where foxes geese you are no surer no Than is the coal of fire upon the ice Or hailstone in the sun,113 17 1107 4 3 257 9 129 156 3 836 717 3 769 257 733 744 3 19 75 1057 75 182 14 2 613 12 303 79 2 795 180 767 10 2 1055,36
82,Your virtue is To make him worthy whose offence subdues him And curse that justice did it.,Your virtue is To make him worthy whose offence subdues him And curse that justice did it,86 374 14 44 62 26 382 379 899 1048 26 23 287 17 811 61 7,17
83,"Who deserves greatness Deserves your hate; and your affections are A sick man's appetite, who desires most that Which would increase his evil.",Who deserves greatness Deserves your hate and your affections are A sick man's appetite who desires most that Which would increase his evil,147 654 761 417 18 313 6 18 521 19 109 1009 854 265 135 655 74 17 146 57 798 15 693,23
84,He that depends Upon your favours swims with fins of lead And hews down oaks with rushes.,He that depends Upon your favours swims with fins of lead And hews down oaks with rushes,113 17 653 183 18 708 1062 31 719 12 327 23 780 196 896 31 983,17
85,Hang ye!,Hang ye,238 1162,2
86,Trust Ye?,Trust Ye,492 509,2
87,"With every minute you do change a mind, And call him noble that was now your hate, Him vile that was your garland.",With every minute you do change a mind And call him noble that was now your hate Him vile that was your garland,94 692 870 3 51 605 8 867 23 278 26 160 17 39 216 18 313 437 1129 17 39 18 741,23
88,"What's the matter, That in these several places of the city You cry against the noble senate, who, Under the gods, keep you in awe, which else Would feed on one another?",What's the matter That in these several places of the city You cry against the noble senate who Under the gods keep you in awe which else Would feed on one another,144 2 159 49 10 78 999 925 12 2 153 85 286 149 2 160 350 135 255 2 99 207 3 10 551 80 679 185 711 46 52 535,32
89,What's their seeking?,What's their seeking,144 34 993,3
90,"MENENIUS: For corn at their own rates; whereof, they say, The city is well stored.",MENENIUS For corn at their own rates whereof they say The city is well stored,25 82 193 45 34 218 957 1144 28 76 20 153 14 55 1046,15
91,MARCIUS: Hang 'em!,MARCIUS Hang 'em,40 238 171,3
92,They say!,They say,50 76,2
93,"They'll sit by the fire, and presume to know What's done i' the Capitol; who's like to rise, Who thrives and who declines; side factions and give out Conjectural marriages; making parties strong And feebling such as stand not in their liking Below their cobbled shoes.",They'll sit by the fire and presume to know What's done i' the Capitol who's like to rise Who thrives and who declines side factions and give out Conjectural marriages making parties strong And feebling such as stand not in their liking Below their cobbled shoes,482 1017 87 2 303 6 936 4 73 144 155 794 2 173 1147 101 4 976 147 1091 6 135 648 224 700 6 157 103 414 859 849 908 165 23 710 166 59 1035 16 10 34 833 403 34 614 1003,46
94,They say there's grain enough!,They say there's grain enough,50 76 364 310 299,5
95,"Would the nobility lay aside their ruth, And let me use my sword, I'll make a quarry With thousands of these quarter'd slaves, as high As I could pick my lance.",Would the nobility lay aside their ruth And let me use my sword I'll make a quarry With thousands of these quarter'd slaves as high As I could pick my lance,185 2 335 326 267 34 984 23 122 38 1114 24 360 140 62 8 950 94 1088 12 78 951 1019 59 782 110 5 154 920 24 823,31
96,"MENENIUS: Nay, these are almost thoroughly persuaded; For though abundantly they lack discretion, Yet are they passing cowardly.",MENENIUS Nay these are almost thoroughly persuaded For though abundantly they lack discretion Yet are they passing cowardly,25 115 78 19 264 1085 917 82 133 515 28 821 662 259 19 28 912 635,18
97,"But, I beseech you, What says the other troop?",But I beseech you What says the other troop,111 5 568 3 32 349 2 127 1101,9
98,MARCIUS: They are dissolved: hang 'em!,MARCIUS They are dissolved hang 'em,40 50 19 667 202 171,6
99,"They said they were an-hungry; sigh'd forth proverbs, That hunger broke stone walls, that dogs must eat, That meat was made for mouths, that the gods sent not Corn for the rich men only: with these shreds They vented their complainings; which being answer'd, And a petition granted them, a strange one-- To break the heart of generosity, And make bold power look pale--they threw their caps As they would hang them on the horns o' the moon, Shouting their emulation.",They said they were an-hungry sigh'd forth proverbs That hunger broke stone walls that dogs must eat That meat was made for mouths that the gods sent not Corn for the rich men only with these shreds They vented their complainings which being answer'd And a petition granted them a strange one To break the heart of generosity And make bold power look pale--they threw their caps As they would hang them on the horns o' the moon Shouting their emulation,50 986 28 65 534 1010 98 944 49 321 588 1043 1135 17 670 63 297 49 862 39 124 21 875 17 2 99 352 16 416 21 2 347 329 126 31 78 1007 50 1123 34 623 80 189 187 23 8 918 311 54 8 357 52 44 585 2 205 12 747 23 62 577 163 210 904 1090 34 596 110 28 57 202 54 46 2 787 64 2 330 465 34 681,81
100,MENENIUS: What is granted them?,MENENIUS What is granted them,25 32 14 311 54,5
101,"MARCIUS: Five tribunes to defend their vulgar wisdoms, Of their own choice: one's Junius Brutus, Sicinius Velutus, and I know not--'Sdeath!",MARCIUS Five tribunes to defend their vulgar wisdoms Of their own choice one's Junius Brutus Sicinius Velutus and I know not--'Sdeath,40 422 371 4 650 34 1132 1151 93 34 218 610 903 442 409 466 496 6 5 73 894,21
102,"The rabble should have first unroof'd the city, Ere so prevail'd with me: it will in time Win upon power and throw forth greater themes For insurrection's arguing.",The rabble should have first unroof'd the city Ere so prevail'd with me it will in time Win upon power and throw forth greater themes For insurrection's arguing,20 953 129 22 88 1112 2 153 235 91 938 31 38 7 56 10 368 506 79 163 6 1092 98 759 1077 82 804 538,28
103,MENENIUS: This is strange.,MENENIUS This is strange,25 484 14 357,4
104,"MARCIUS: Go, get you home, you fragments!",MARCIUS Go get you home you fragments,40 424 748 3 786 3 734,7
105,Messenger: Where's Caius Marcius?,Messenger Where's Caius Marcius,243 501 112 27,4
106,MARCIUS: Here: what's the matter?,MARCIUS Here what's the matter,40 436 1141 2 159,5
107,"Messenger: The news is, sir, the Volsces are in arms.",Messenger The news is sir the Volsces are in arms,243 20 890 14 130 2 143 19 10 150,10
108,MARCIUS: I am glad on 't: then we shall ha' means to vent Our musty superfluity.,MARCIUS I am glad on 't then we shall ha' means to vent Our musty superfluity,40 5 95 308 46 136 77 37 53 766 861 4 1122 116 880 359,16
109,"See, our best elders.",See our best elders,181 43 569 677,4
110,"First Senator: Marcius, 'tis true that you have lately told us; The Volsces are in arms.",First Senator Marcius 'tis true that you have lately told us The Volsces are in arms,11 58 27 137 1104 17 3 22 824 1095 30 20 143 19 10 150,16
111,"MARCIUS: They have a leader, Tullus Aufidius, that will put you to 't.",MARCIUS They have a leader Tullus Aufidius that will put you to 't,40 50 22 8 825 493 92 17 56 948 3 4 136,13
112,"I sin in envying his nobility, And were I any thing but what I am, I would wish me only he.",I sin in envying his nobility And were I any thing but what I am I would wish me only he,5 1011 10 688 15 335 23 65 5 188 1082 36 48 5 95 5 57 1153 38 126 9,21
113,COMINIUS: You have fought together.,COMINIUS You have fought together,172 85 22 730 369,5
114,MARCIUS: Were half to half the world by the ears and he.,MARCIUS Were half to half the world by the ears and he,40 500 201 4 201 2 1159 87 2 674 6 9,12
115,"Upon my party, I'ld revolt to make Only my wars with him: he is a lion That I am proud to hunt.",Upon my party I'ld revolt to make Only my wars with him he is a lion That I am proud to hunt,183 24 911 439 974 4 62 457 24 167 31 26 9 14 8 835 49 5 95 104 4 790,22
116,"First Senator: Then, worthy Marcius, Attend upon Cominius to these wars.",First Senator Then worthy Marcius Attend upon Cominius to these wars,11 58 252 382 27 396 79 139 4 78 167,11
117,COMINIUS: It is your former promise.,COMINIUS It is your former promise,172 178 14 18 307 942,6
118,"MARCIUS: Sir, it is; And I am constant.",MARCIUS Sir it is And I am constant,40 250 7 14 23 5 95 626,8
119,"Titus Lartius, thou Shalt see me once more strike at Tullus' face.",Titus Lartius thou Shalt see me once more strike at Tullus' face,254 241 226 464 128 38 217 42 358 45 494 699,12
120,"What, art thou stiff?",What art thou stiff,32 266 226 356,4
121,stand'st out?,stand'st out,1036 103,2
122,"TITUS: No, Caius Marcius; I'll lean upon one crutch and fight with t'other, Ere stay behind this business.",TITUS No Caius Marcius I'll lean upon one crutch and fight with t'other Ere stay behind this business,251 141 112 27 140 826 79 52 642 6 716 31 1065 235 355 564 29 190,18
123,"MENENIUS: O, true-bred!",MENENIUS O true-bred,25 142 1105,3
124,"First Senator: Your company to the Capitol; where, I know, Our greatest friends attend us.",First Senator Your company to the Capitol where I know Our greatest friends attend us,11 58 86 620 4 2 173 108 5 73 116 760 199 546 30,15
125,TITUS: COMINIUS: Noble Marcius!,TITUS COMINIUS Noble Marcius,251 172 245 27,4
126,"First Senator: MARCIUS: Nay, let them follow: The Volsces have much corn; take these rats thither To gnaw their garners.",First Senator MARCIUS Nay let them follow The Volsces have much corn take these rats thither To gnaw their garners,11 58 40 115 122 54 305 20 143 22 878 193 361 78 341 1084 44 753 34 742,20
127,"Worshipful mutiners, Your valour puts well forth: pray, follow.",Worshipful mutiners Your valour puts well forth pray follow,507 881 86 1118 949 55 98 220 305,9
128,SICINIUS: Was ever man so proud as is this Marcius?,SICINIUS Was ever man so proud as is this Marcius,83 498 119 125 91 104 59 14 29 27,10
129,BRUTUS: He has no equal.,BRUTUS He has no equal,81 113 203 75 689,5
130,"SICINIUS: When we were chosen tribunes for the people,-- BRUTUS: Mark'd you his lip and eyes?",SICINIUS When we were chosen tribunes for the people BRUTUS Mark'd you his lip and eyes,83 145 37 65 611 371 21 2 161 81 450 3 15 837 6 697,16
131,SICINIUS: Nay.,SICINIUS Nay,83 115,2
132,but his taunts.,but his taunts,36 15 1070,3
133,"BRUTUS: Being moved, he will not spare to gird the gods.",BRUTUS Being moved he will not spare to gird the gods,81 402 876 9 56 16 1027 4 752 2 99,11
134,SICINIUS: Be-mock the modest moon.,SICINIUS Be-mock the modest moon,83 399 2 873 330,5
135,BRUTUS: The present wars devour him: he is grown Too proud to be so valiant.,BRUTUS The present wars devour him he is grown Too proud to be so valiant,81 20 339 167 657 26 9 14 762 489 104 4 35 91 372,15
136,"SICINIUS: Such a nature, Tickled with good success, disdains the shadow Which he treads on at noon: but I do wonder His insolence can brook to be commanded Under Cominius.",SICINIUS Such a nature Tickled with good success disdains the shadow Which he treads on at noon but I do wonder His insolence can brook to be commanded Under Cominius,83 474 8 332 487 31 33 1049 663 2 1001 146 9 1100 46 45 893 36 5 51 1156 239 801 97 589 4 35 617 255 139,30
137,"BRUTUS: Fame, at the which he aims, In whom already he's well graced, can not Better be held nor more attain'd than by A place below the first: for what miscarries Shall be the general's fault, though he perform To the utmost of a man, and giddy censure Will then cry out of Marcius 'O if he Had borne the business!'",BRUTUS Fame at the which he aims In whom already he's well graced can not Better be held nor more attain'd than by A place below the first for what miscarries Shall be the general's fault though he perform To the utmost of a man and giddy censure Will then cry out of Marcius 'O if he Had borne the business!',81 421 45 2 80 9 528 177 1148 186 314 55 757 97 16 407 35 776 215 42 545 47 87 109 924 274 2 88 21 48 871 463 35 2 746 707 133 9 915 44 2 1117 12 8 125 6 749 601 258 77 286 103 12 27 385 72 9 237 579 2 592,61
138,"SICINIUS: Besides, if things go well, Opinion that so sticks on Marcius shall Of his demerits rob Cominius.",SICINIUS Besides if things go well Opinion that so sticks on Marcius shall Of his demerits rob Cominius,83 406 72 365 200 55 458 17 91 1040 46 27 53 93 15 652 979 139,18
139,BRUTUS: Come: Half all Cominius' honours are to Marcius.,BRUTUS Come Half all Cominius' honours are to Marcius,81 174 427 41 412 158 19 4 27,9
140,"Though Marcius earned them not, and all his faults To Marcius shall be honours, though indeed In aught he merit not.",Though Marcius earned them not and all his faults To Marcius shall be honours though indeed In aught he merit not,253 27 673 54 16 6 41 15 302 44 27 53 35 158 133 323 177 549 9 864 16,21
141,"SICINIUS: Let's hence, and hear How the dispatch is made, and in what fashion, More than his singularity, he goes Upon this present action.",SICINIUS Let's hence and hear How the dispatch is made and in what fashion More than his singularity he goes Upon this present action,83 446 779 6 90 176 2 665 14 124 6 10 48 705 452 47 15 1015 9 309 183 29 339 262,24
142,BRUTUS: Lets along.,BRUTUS Lets along,81 447 531,3
143,"First Senator: So, your opinion is, Aufidius, That they of Rome are entered in our counsels And know how we proceed.",First Senator So your opinion is Aufidius That they of Rome are entered in our counsels And know how we proceed,11 58 468 18 336 14 92 49 28 12 67 19 685 10 43 285 23 73 100 37 221,21
144,AUFIDIUS: Is it not yours?,AUFIDIUS Is it not yours,138 440 7 16 1165,5
145,"What ever have been thought on in this state, That could be brought to bodily act ere Rome Had circumvention?",What ever have been thought on in this state That could be brought to bodily act ere Rome Had circumvention,32 119 22 272 1086 46 10 29 225 49 154 35 590 4 575 261 197 67 237 612,20
146,"'Tis not four days gone Since I heard thence; these are the words: I think I have the letter here; yes, here it is.",'Tis not four days gone Since I heard thence these are the words I think I have the letter here yes here it is,231 16 732 647 755 467 5 315 1079 78 19 2 381 5 106 5 22 2 830 121 1163 121 7 14,24
147,"'They have press'd a power, but it is not known Whether for east or west: the dearth is great; The people mutinous; and it is rumour'd, Cominius, Marcius your old enemy, Who is of Rome worse hated than of you, And Titus Lartius, a most valiant Roman, These three lead on this preparation Whither 'tis bent: most likely 'tis for you: Consider of it.'",'They have press'd a power but it is not known Whether for east or west the dearth is great The people mutinous and it is rumour'd Cominius Marcius your old enemy Who is of Rome worse hated than of you And Titus Lartius a most valiant Roman These three lead on this preparation Whither 'tis bent most likely 'tis for you Consider of it.',387 22 935 8 163 36 7 14 16 818 503 21 675 102 1140 2 195 14 120 20 161 214 6 7 14 982 139 27 18 901 298 147 14 12 67 1160 772 47 12 3 23 254 241 8 74 372 248 481 1089 327 46 29 933 504 137 567 74 832 137 21 3 234 12 808,64
148,First Senator: Our army's in the field We never yet made doubt but Rome was ready To answer us.,First Senator Our army's in the field We never yet made doubt but Rome was ready To answer us,11 58 116 541 10 2 715 84 334 169 124 294 36 67 39 342 44 96 30,19
149,"AUFIDIUS: Nor did you think it folly To keep your great pretences veil'd till when They needs must show themselves; which in the hatching, It seem'd, appear'd to Rome.",AUFIDIUS Nor did you think it folly To keep your great pretences veil'd till when They needs must show themselves which in the hatching It seem'd appear'd to Rome,138 454 61 3 106 7 306 44 207 18 120 937 1120 367 107 50 887 63 223 1078 80 10 2 771 178 994 536 4 67,29
150,By the discovery.,By the discovery,410 2 661,3
151,"We shall be shorten'd in our aim, which was To take in many towns ere almost Rome Should know we were afoot.",We shall be shorten'd in our aim which was To take in many towns ere almost Rome Should know we were afoot,84 53 35 1005 10 43 527 80 39 44 361 10 857 1097 197 264 67 249 73 37 65 524,22
152,"Second Senator: Noble Aufidius, Take your commission; hie you to your bands: Let us alone to guard Corioli: If they set down before 's, for the remove Bring your army; but, I think, you'll find They've not prepared for us.",Second Senator Noble Aufidius Take your commission hie you to your bands Let us alone to guard Corioli If they set down before 's for the remove Bring your army but I think you'll find They've not prepared for us,68 58 245 92 476 18 618 781 3 4 18 555 179 30 530 4 763 415 114 28 353 196 563 232 21 2 965 408 18 540 36 5 106 230 156 483 16 934 21 30,40
153,"AUFIDIUS: O, doubt not that; I speak from certainties.",AUFIDIUS O doubt not that I speak from certainties,138 142 294 16 17 5 105 71 602,9
154,"Nay, more, Some parcels of their power are forth already, And only hitherward.",Nay more Some parcels of their power are forth already And only hitherward,115 42 470 905 12 34 163 19 98 186 23 126 785,13
155,I leave your honours.,I leave your honours,5 208 18 158,4
156,"If we and Caius Marcius chance to meet, 'Tis sworn between us we shall ever strike Till one can do no more.",If we and Caius Marcius chance to meet 'Tis sworn between us we shall ever strike Till one can do no more,114 37 6 112 27 604 4 863 231 1064 572 30 37 53 119 358 488 52 97 51 75 42,22
157,All: The gods assist you!,All The gods assist you,66 20 99 543 3,5
158,AUFIDIUS: And keep your honours safe!,AUFIDIUS And keep your honours safe,138 23 207 18 158 985,6
159,First Senator: Farewell.,First Senator Farewell,11 58 175,3
160,Second Senator: Farewell.,Second Senator Farewell,68 58 175,3
161,All: Farewell.,All Farewell,66 175,2
162,"VOLUMNIA: I pray you, daughter, sing; or express yourself in a more comfortable sort: if my son were my husband, I should freelier rejoice in that absence wherein he won honour than in the embracements of his bed where he would show most love.",VOLUMNIA I pray you daughter sing or express yourself in a more comfortable sort if my son were my husband I should freelier rejoice in that absence wherein he won honour than in the embracements of his bed where he would show most love,70 5 220 3 289 1014 102 695 1166 10 8 42 616 1026 72 24 131 65 24 791 5 129 735 960 10 17 513 1143 9 1155 319 47 10 2 680 12 15 562 108 9 57 223 74 211,44
163,"When yet he was but tender-bodied and the only son of my womb, when youth with comeliness plucked all gaze his way, when for a day of kings' entreaties a mother should not sell him an hour from her beholding, I, considering how honour would become such a person.",When yet he was but tender-bodied and the only son of my womb when youth with comeliness plucked all gaze his way when for a day of kings' entreaties a mother should not sell him an hour from her beholding I considering how honour would become such a person,145 169 9 39 36 1074 6 2 126 131 12 24 1154 107 1167 31 615 929 41 743 15 168 107 21 8 290 12 815 686 8 331 129 16 995 26 118 320 71 206 565 5 625 100 319 57 271 166 8 916,49
164,"that it was no better than picture-like to hang by the wall, if renown made it not stir, was pleased to let him seek danger where he was like to find fame.",that it was no better than picture-like to hang by the wall if renown made it not stir was pleased to let him seek danger where he was like to find fame,17 7 39 75 571 47 921 4 202 87 2 1134 72 966 124 7 16 1041 39 927 4 122 26 992 646 108 9 39 101 4 156 703,32
165,"To a cruel war I sent him; from whence he returned, his brows bound with oak.",To a cruel war I sent him from whence he returned his brows bound with oak,44 8 641 375 5 352 26 71 1142 9 973 15 591 580 31 895,16
166,"I tell thee, daughter, I sprang not more in joy at first hearing he was a man-child than now in first seeing he had proved himself a man.",I tell thee daughter I sprang not more in joy at first hearing he was a man-child than now in first seeing he had proved himself a man,5 132 363 289 5 1032 16 42 10 810 45 88 774 9 39 8 855 47 216 10 88 991 9 89 943 317 8 125,28
167,"VIRGILIA: But had he died in the business, madam; how then?",VIRGILIA But had he died in the business madam how then,69 111 89 9 658 10 2 190 123 100 77,11
168,VOLUMNIA: Then his good report should have been my son; I therein would have found issue.,VOLUMNIA Then his good report should have been my son I therein would have found issue,70 252 15 33 343 129 22 272 24 131 5 1080 57 22 731 807,16
169,"Hear me profess sincerely: had I a dozen sons, each in my love alike and none less dear than thine and my good Marcius, I had rather had eleven die nobly for their country than one voluptuously surfeit out of action.",Hear me profess sincerely had I a dozen sons each in my love alike and none less dear than thine and my good Marcius I had rather had eleven die nobly for their country than one voluptuously surfeit out of action,431 38 941 1013 89 5 8 672 1025 296 10 24 211 529 6 892 829 291 47 1081 6 24 33 27 5 89 222 89 678 293 891 21 34 194 47 52 1131 1058 103 12 262,41
170,"Gentlewoman: Madam, the Lady Valeria is come to visit you.",Gentlewoman Madam the Lady Valeria is come to visit you,423 448 2 444 256 14 282 4 1130 3,10
171,"VIRGILIA: Beseech you, give me leave to retire myself.",VIRGILIA Beseech you give me leave to retire myself,69 405 3 157 38 208 4 972 883,9
172,"VOLUMNIA: Indeed, you shall not.",VOLUMNIA Indeed you shall not,70 240 3 53 16,5
173,"Methinks I hear hither your husband's drum, See him pluck Aufidius down by the hair, As children from a bear, the Volsces shunning him: Methinks I see him stamp thus, and call thus: 'Come on, you cowards!",Methinks I hear hither your husband's drum See him pluck Aufidius down by the hair As children from a bear the Volsces shunning him Methinks I see him stamp thus and call thus 'Come on you cowards,244 5 90 784 18 792 295 181 26 928 92 196 87 2 768 110 609 71 8 270 2 143 1008 26 244 5 128 26 1034 134 6 278 134 383 46 3 636,37
174,"you were got in fear, Though you were born in Rome:' his bloody brow With his mail'd hand then wiping, forth he goes, Like to a harvest-man that's task'd to mow Or all or lose his hire.",you were got in fear Though you were born in Rome:' his bloody brow With his mail'd hand then wiping forth he goes Like to a harvest-man that's task'd to mow Or all or lose his hire,3 65 756 10 709 253 3 65 578 10 462 15 275 277 94 15 847 312 77 1150 98 9 309 242 4 8 770 1076 1068 4 877 180 41 102 842 15 783,37
175,VIRGILIA: His bloody brow!,VIRGILIA His bloody brow,69 239 275 277,4
176,"O Jupiter, no blood!",O Jupiter no blood,142 443 75 151,4
177,"VOLUMNIA: Away, you fool!",VOLUMNIA Away you fool,70 397 3 725,4
178,"it more becomes a man Than gilt his trophy: the breasts of Hecuba, When she did suckle Hector, look'd not lovelier Than Hector's forehead when it spit forth blood At Grecian sword, contemning.",it more becomes a man Than gilt his trophy the breasts of Hecuba When she did suckle Hector look'd not lovelier Than Hector's forehead when it spit forth blood At Grecian sword contemning,7 42 561 8 125 182 751 15 1102 2 586 12 435 145 1002 61 1050 433 839 16 844 182 434 726 107 7 1030 98 151 395 425 360 627,33
179,"Tell Valeria, We are fit to bid her welcome.",Tell Valeria We are fit to bid her welcome,477 256 84 19 304 4 573 206 1139,9
180,VIRGILIA: Heavens bless my lord from fell Aufidius!,VIRGILIA Heavens bless my lord from fell Aufidius,69 432 574 24 841 71 713 92,8
181,VOLUMNIA: He'll beat Aufidius 'head below his knee And tread upon his neck.,VOLUMNIA He'll beat Aufidius 'head below his knee And tread upon his neck,70 429 560 92 390 274 15 816 23 1099 79 15 885,13
182,"VALERIA: My ladies both, good day to you.",VALERIA My ladies both good day to you,117 453 822 276 33 290 4 3,8
183,VOLUMNIA: Sweet madam.,VOLUMNIA Sweet madam,70 475 123,3
184,VIRGILIA: I am glad to see your ladyship.,VIRGILIA I am glad to see your ladyship,69 5 95 308 4 128 18 325,8
185,VALERIA: How do you both?,VALERIA How do you both,117 176 51 3 276,5
186,you are manifest house-keepers.,you are manifest house-keepers,3 19 856 788,4
187,What are you sewing here?,What are you sewing here,32 19 3 1000 121,5
188,"A fine spot, in good faith.",A fine spot in good faith,109 718 1031 10 33 701,6
189,How does your little son?,How does your little son,176 668 18 209 131,5
190,"VIRGILIA: I thank your ladyship; well, good madam.",VIRGILIA I thank your ladyship well good madam,69 5 1075 18 325 55 33 123,8
191,"VOLUMNIA: He had rather see the swords, and hear a drum, than look upon his school-master.",VOLUMNIA He had rather see the swords and hear a drum than look upon his school-master,70 113 89 222 128 2 1063 6 90 8 295 47 210 79 15 989,16
192,"VALERIA: O' my word, the father's son: I'll swear,'tis a very pretty boy.","VALERIA O' my word the father's son I'll swear,'tis a very pretty boy",117 246 24 229 2 301 131 140 1061 8 373 340 581,13
193,"O' my troth, I looked upon him o' Wednesday half an hour together: has such a confirmed countenance.",O' my troth I looked upon him o' Wednesday half an hour together has such a confirmed countenance,246 24 1103 5 840 79 26 64 499 201 118 320 369 203 166 8 624 630,18
194,"I saw him run after a gilded butterfly: and when he caught it, he let it go again; and after it again; and over and over he comes, and again; catched it again; or whether his fall enraged him, or how 'twas, he did so set his teeth and tear it; O, I warrant it, how he mammocked it!",I saw him run after a gilded butterfly and when he caught it he let it go again and after it again and over and over he comes and again catched it again or whether his fall enraged him or how 'twas he did so set his teeth and tear it O I warrant it how he mammocked it,5 987 26 348 263 8 750 593 6 107 9 600 7 9 122 7 200 148 6 263 7 148 6 337 6 337 9 192 6 148 599 7 148 102 1145 15 702 684 26 102 100 391 9 61 91 353 15 1072 6 1071 7 142 5 1137 7 100 9 853 7,59
195,VOLUMNIA: One on 's father's moods.,VOLUMNIA One on 's father's moods,70 247 46 232 301 874,6
196,"VALERIA: Indeed, la, 'tis a noble child.",VALERIA Indeed la 'tis a noble child,117 240 819 137 8 160 608,7
197,"VIRGILIA: A crack, madam.",VIRGILIA A crack madam,69 109 637 123,4
198,"VALERIA: Come, lay aside your stitchery; I must have you play the idle husewife with me this afternoon.",VALERIA Come lay aside your stitchery I must have you play the idle husewife with me this afternoon,117 174 326 267 18 1042 5 63 22 3 926 2 322 793 31 38 29 525,18
199,"VIRGILIA: No, good madam; I will not out of doors.",VIRGILIA No good madam I will not out of doors,69 141 33 123 5 56 16 103 12 671,10
